client_id	path	sentence_id	sentence	sentence_domain	up_votes	down_votes	age	gender	accents	variant	locale	segment
94707608104a99906513388d7506e90fd832c259f3b1091a018066c18f05784cea521a4879992b1bc94979e44fd3ad19dd026f4ca563ab21f7e646f44d2bcd37	common_voice_uz_39618430.mp3	8aecbf250e338d0eb36f37a37457c28a231ccc6ab0f015dbbc9edc4c3d5b5072	Tolibon jangsiz taslim bo‘lgan xavfsizlik xodimini o‘ldirdi		0	0					uz	
94707608104a99906513388d7506e90fd832c259f3b1091a018066c18f05784cea521a4879992b1bc94979e44fd3ad19dd026f4ca563ab21f7e646f44d2bcd37	common_voice_uz_39618434.mp3	90a9f72edd001cecceb990c0e169e5ed2541570c7a0e5127af2df231e5caf266	• Baxt hammaning hayotida bir marta bo‘ladi.		0	0					uz	
4f44bef95c119e00dfd1b8ddb0fb7837586dbd5d4dd11da8f36c297cdb1554da46e34a42658b842c29528cffc9054897b1972a42eb72327b0a9034d243d42fd8	common_voice_uz_39646506.mp3	8fcdaa60384b142e2043e2a7bb444726825cd98f3b16fb504da829afece7be7a	• Sekin va’da qilib, tezda bajar.		0	0	teens	male_masculine			uz	
4f44bef95c119e00dfd1b8ddb0fb7837586dbd5d4dd11da8f36c297cdb1554da46e34a42658b842c29528cffc9054897b1972a42eb72327b0a9034d243d42fd8	common_voice_uz_39646507.mp3	8ea1c5e8592812804752301571eb59da690a1807445f7b52be266008373392d7	• Qo‘l ishlaydi, bosh topshiriq beradi.		0	0	teens	male_masculine			uz	
4f44bef95c119e00dfd1b8ddb0fb7837586dbd5d4dd11da8f36c297cdb1554da46e34a42658b842c29528cffc9054897b1972a42eb72327b0a9034d243d42fd8	common_voice_uz_39646508.mp3	8c2e4c9e8bb24abd9bbfc6e376c72f04b9528132e09eac1841cc34aa74a28ccf	Shifokor siri hisoblangan ma’lumotlarni qaysi hollarda fuqaro roziligisiz berish mumkin?		0	0	teens	male_masculine			uz	
4f44bef95c119e00dfd1b8ddb0fb7837586dbd5d4dd11da8f36c297cdb1554da46e34a42658b842c29528cffc9054897b1972a42eb72327b0a9034d243d42fd8	common_voice_uz_39646509.mp3	90784bb102246ffe968bcf6578a760733011af4e80d4b7ab833d63ce2304c3c8	Futbol. “Paxtakor” oltin, “Nasaf” kumush, “Bunyodkor” esa bronza medallarni qo‘lga kiritdi		0	0	teens	male_masculine			uz	
4f44bef95c119e00dfd1b8ddb0fb7837586dbd5d4dd11da8f36c297cdb1554da46e34a42658b842c29528cffc9054897b1972a42eb72327b0a9034d243d42fd8	common_voice_uz_39646510.mp3	8ea168a5719c34f63ac4578b43ffeacc61da7f50c70b86f578c87ebadd968d0a	Ikki tomonda pastak uylar.		0	0	teens	male_masculine			uz	
4f44bef95c119e00dfd1b8ddb0fb7837586dbd5d4dd11da8f36c297cdb1554da46e34a42658b842c29528cffc9054897b1972a42eb72327b0a9034d243d42fd8	common_voice_uz_39646522.mp3	90f81ef14f907a2c3ea03afa5c314d9383eaf38f0de26f8fe65927a290f1ed94	Sobiq prezidentning qo‘lga olinishi		0	0	teens	male_masculine			uz	
4f44bef95c119e00dfd1b8ddb0fb7837586dbd5d4dd11da8f36c297cdb1554da46e34a42658b842c29528cffc9054897b1972a42eb72327b0a9034d243d42fd8	common_voice_uz_39646523.mp3	90c98f5e70b0819c5e7a8808b3223a8f2bb08ab69317f294fb5d660f3f9acf9a	Britaniyaga Arven bo‘roni yopirilishi oqibatida uch kishi halok bo‘ldi		0	0	teens	male_masculine			uz	
4f44bef95c119e00dfd1b8ddb0fb7837586dbd5d4dd11da8f36c297cdb1554da46e34a42658b842c29528cffc9054897b1972a42eb72327b0a9034d243d42fd8	common_voice_uz_39646524.mp3	86c2de3e720b00ced583e9c60a578bb5a0599f27ea101f4ce59a3a6d6688eeea	Rasman! Prezidentlik saylovining yakuniy natijalari: Mirziyoyev jami qancha ovoz oldi?		0	0	teens	male_masculine			uz	
4f44bef95c119e00dfd1b8ddb0fb7837586dbd5d4dd11da8f36c297cdb1554da46e34a42658b842c29528cffc9054897b1972a42eb72327b0a9034d243d42fd8	common_voice_uz_39646525.mp3	90c40d36892b9a4c98d05427f36b14ac46a05b48c79e146599ccb621c81dfee4	O‘z shogirdlarida mehnatdan zavqlanish xislatlarini uyg‘ota bilgan muallim sharaflarga loyiq.		0	0	teens	male_masculine			uz	
4f44bef95c119e00dfd1b8ddb0fb7837586dbd5d4dd11da8f36c297cdb1554da46e34a42658b842c29528cffc9054897b1972a42eb72327b0a9034d243d42fd8	common_voice_uz_39646526.mp3	8e9712a475874917804941a223b8129f4841261667f0eca532cb41405627cfa4	Xalq akademik, professorlarni deyarli tanimaydi. Buning jiddiy sabablari bor...		0	0	teens	male_masculine			uz	
63fa585fb37404c2d61eedd44a78022d89452c850a6fd93fc20af61771b49f34f71da8b499efac6399f0c75fc694045fada3ca183d08d50b95dfcd681366ce25	common_voice_uz_39772612.mp3	8f548afc54442e1b792e76715fcf2bf3ee19fa90a3b7045e1a675300a41d7ef3	Keyin ham ko‘p yelib-yugurdi. Kunora keladi.		0	0	thirties	male_masculine			uz	
63fa585fb37404c2d61eedd44a78022d89452c850a6fd93fc20af61771b49f34f71da8b499efac6399f0c75fc694045fada3ca183d08d50b95dfcd681366ce25	common_voice_uz_39772613.mp3	8fb2d2012a650933f6d7f788ec39da176edbdf1722e33e046250f9164bd7e077	Prezident yangi zavodning imkoniyatlari bilan tanishdi		0	0	thirties	male_masculine			uz	
63fa585fb37404c2d61eedd44a78022d89452c850a6fd93fc20af61771b49f34f71da8b499efac6399f0c75fc694045fada3ca183d08d50b95dfcd681366ce25	common_voice_uz_39772614.mp3	910a65294a0f50a105ed24fd11b0a40ac78e7db0c2b8499b0ccf11dba68feb0c	— O‘g‘limning ko‘kragiga mushtlaganicha bor ekan".		0	0	thirties	male_masculine			uz	
63fa585fb37404c2d61eedd44a78022d89452c850a6fd93fc20af61771b49f34f71da8b499efac6399f0c75fc694045fada3ca183d08d50b95dfcd681366ce25	common_voice_uz_39772615.mp3	8fc6805186b5ebb0e333ca0cb8e7c6e27d807e405f5c8e6c65e0264fe19ff1fd	Qamchiq dovonida avtotransportlar to‘liq harakatlanmoqda		0	0	thirties	male_masculine			uz	
63fa585fb37404c2d61eedd44a78022d89452c850a6fd93fc20af61771b49f34f71da8b499efac6399f0c75fc694045fada3ca183d08d50b95dfcd681366ce25	common_voice_uz_39772616.mp3	8f3f89ff65aa3ad63b0768bf9798ccbcc971666edcee2bcaab39e2b001230564	Yevropa Ittifoqining Afg‘oniston bo‘yicha maxsus vakili bilan muzokara to‘g‘risida		0	0	thirties	male_masculine			uz	
63fa585fb37404c2d61eedd44a78022d89452c850a6fd93fc20af61771b49f34f71da8b499efac6399f0c75fc694045fada3ca183d08d50b95dfcd681366ce25	common_voice_uz_39772622.mp3	830e640385ffaa278fb3ed23ff0059778caffda362b439eaa888c76db34e1313	Xushxabar: Yangi masjidda ilk juma namozi o‘qiladi		0	0	thirties	male_masculine			uz	
63fa585fb37404c2d61eedd44a78022d89452c850a6fd93fc20af61771b49f34f71da8b499efac6399f0c75fc694045fada3ca183d08d50b95dfcd681366ce25	common_voice_uz_39772623.mp3	90fccc5d944431698e077f5c9ac8866ad383147193f401cc0080864649a4c041	Ichkari yarmi bo‘m-bo‘sh, yarmida o‘tirg‘ichlar bo‘ldi.		0	0	thirties	male_masculine			uz	
63fa585fb37404c2d61eedd44a78022d89452c850a6fd93fc20af61771b49f34f71da8b499efac6399f0c75fc694045fada3ca183d08d50b95dfcd681366ce25	common_voice_uz_39772624.mp3	909947c79d264c0b0f151d7c0173dd466497168297f656e34b39d4e1c2130c53	• Bo‘ri ham bironta qo‘yni yotib olib tutolmaydi.		0	0	thirties	male_masculine			uz	
63fa585fb37404c2d61eedd44a78022d89452c850a6fd93fc20af61771b49f34f71da8b499efac6399f0c75fc694045fada3ca183d08d50b95dfcd681366ce25	common_voice_uz_39772625.mp3	8c15e3c1b5003a296a9e9989684dc5ff23d9cde20c4461c724e07c4bbb1444be	Muzaffar har kuni uylaridan xabar olib, qaytishda non yoki issiq ovqat ko‘tarib kelardi.		0	0	thirties	male_masculine			uz	
63fa585fb37404c2d61eedd44a78022d89452c850a6fd93fc20af61771b49f34f71da8b499efac6399f0c75fc694045fada3ca183d08d50b95dfcd681366ce25	common_voice_uz_39772626.mp3	8be712d449dfeac48f816ca2ee572ce6f65f74c75da8b89b45ade4ec9b1559a5	Men uning yaxshi odamligini yoqtiraman.		0	0	thirties	male_masculine			uz	
55cdf8c9f0f71cef41cd56bf45ce32e49fc60cd08a9fdb4e1528a74a98abf1982ab5beada788ccc6d32dda3796c5116b8049f69994f391f0d70469789f436c39	common_voice_uz_39779984.mp3	91030b71f3fec09461ad80384e783a1b79bf2eebb0268dca6865952673dd8dd9	Yugurdim. Jome’dagi nomoz saflarining eng oldida edi.		0	0					uz	
55cdf8c9f0f71cef41cd56bf45ce32e49fc60cd08a9fdb4e1528a74a98abf1982ab5beada788ccc6d32dda3796c5116b8049f69994f391f0d70469789f436c39	common_voice_uz_39779985.mp3	8ff8d55a3b33b2895af535b632d1bb470d596b4659cb12abbf0744814efd9d3b	Dehqonchilik qilish uchun ijaraga yer beriladi		0	0					uz	
55cdf8c9f0f71cef41cd56bf45ce32e49fc60cd08a9fdb4e1528a74a98abf1982ab5beada788ccc6d32dda3796c5116b8049f69994f391f0d70469789f436c39	common_voice_uz_39779986.mp3	90e49c841590964a98efa29761d0779348c196d7439c02dc39bae3343983d00b	Ikki marta kosa sindirganidan keyin, tunuka talinkada ovqat suzib beradigan boʻlishdi.		0	0					uz	
55cdf8c9f0f71cef41cd56bf45ce32e49fc60cd08a9fdb4e1528a74a98abf1982ab5beada788ccc6d32dda3796c5116b8049f69994f391f0d70469789f436c39	common_voice_uz_39779987.mp3	91990bd96002cee4a289505696b1cfd82ea9a0579d5ce517035b0b57a1128d48	Muftiylikka asosiy da’vogar kim?		0	0					uz	
55cdf8c9f0f71cef41cd56bf45ce32e49fc60cd08a9fdb4e1528a74a98abf1982ab5beada788ccc6d32dda3796c5116b8049f69994f391f0d70469789f436c39	common_voice_uz_39779988.mp3	8ea5da79fa3d756e0624775356c01603c0120c77977e9edefbd5211c11283186	Sinch tomga tiradi.		0	0					uz	
63fa585fb37404c2d61eedd44a78022d89452c850a6fd93fc20af61771b49f34f71da8b499efac6399f0c75fc694045fada3ca183d08d50b95dfcd681366ce25	common_voice_uz_39780053.mp3	8ab2a92c29f53d9a52e5b14069cc796413f3134299503499db2b13547663e652	• Dengizdan omon qolgan tomchiga cho‘kib ketdi.		0	0	thirties	male_masculine			uz	
63fa585fb37404c2d61eedd44a78022d89452c850a6fd93fc20af61771b49f34f71da8b499efac6399f0c75fc694045fada3ca183d08d50b95dfcd681366ce25	common_voice_uz_39780054.mp3	9118d5f50d0939fc090b7ec0f21d18dcc6a0c6f983216efa21849d5ce5132ca6	Ikkala da’vogar rozi bo‘lishibdi-yu, qozi rozi bo‘lmabdi. Abu Rayhon Beruniy		0	0	thirties	male_masculine			uz	
63fa585fb37404c2d61eedd44a78022d89452c850a6fd93fc20af61771b49f34f71da8b499efac6399f0c75fc694045fada3ca183d08d50b95dfcd681366ce25	common_voice_uz_39780055.mp3	9172a0d2ce33862236260bd5fd4469de3dd025e03dec3f60eb08e0e8f2ec5b93	O‘zbekiston Respublikasi Prezidenti Turkiy kengashning norasmiy sammitida ishtirok etdi		0	0	thirties	male_masculine			uz	
63fa585fb37404c2d61eedd44a78022d89452c850a6fd93fc20af61771b49f34f71da8b499efac6399f0c75fc694045fada3ca183d08d50b95dfcd681366ce25	common_voice_uz_39780056.mp3	8d29460ba3b17db567615191939e8d2286732dc8d35eb01402e059cae304c6ae	— Sir emaski, savdo xodimlari halol kun kechiradigan ishchi-dehqonlarga nisbatan yaxshiroq yashaydi.		0	0	thirties	male_masculine			uz	
63fa585fb37404c2d61eedd44a78022d89452c850a6fd93fc20af61771b49f34f71da8b499efac6399f0c75fc694045fada3ca183d08d50b95dfcd681366ce25	common_voice_uz_39780057.mp3	909d25782ab399e8615e03434227eef3cb79a0060263e52a46be3b8ce43de3da	Keyin bu gaplar unutilib ketdi.		0	0	thirties	male_masculine			uz	
b64822fec64b85dde7289602d23c425efbd17ffcf68052d172504823b1a1b1c8af310eb6244345953c6a67f80cd4cb19f03f197cd7f86cd8dc089cb098164574	common_voice_uz_39925952.mp3	8f784a2306ebcaa92654066328fbcb861951cfa6263d621ee3e0efc3ca90386f	Tursun hayotda turdi.		0	0	twenties	male_masculine	Andijon		uz	
b64822fec64b85dde7289602d23c425efbd17ffcf68052d172504823b1a1b1c8af310eb6244345953c6a67f80cd4cb19f03f197cd7f86cd8dc089cb098164574	common_voice_uz_39925953.mp3	90a0edcc8ecd2868699e961d4f12f070f157b138a3467f348c3edbb24a9d7ddd	Men tag‘in ko‘zimni yumdim.		0	0	twenties	male_masculine	Andijon		uz	
b64822fec64b85dde7289602d23c425efbd17ffcf68052d172504823b1a1b1c8af310eb6244345953c6a67f80cd4cb19f03f197cd7f86cd8dc089cb098164574	common_voice_uz_39925954.mp3	907eedb510f761e8047363900e69f3bc5fc896535f70b01bd80e01b606fa46c4	Adovatchilikka qarshi adovat uygoting.		0	0	twenties	male_masculine	Andijon		uz	
b64822fec64b85dde7289602d23c425efbd17ffcf68052d172504823b1a1b1c8af310eb6244345953c6a67f80cd4cb19f03f197cd7f86cd8dc089cb098164574	common_voice_uz_39925955.mp3	91a5a6bf5fd660b55fc17b6cff694c4b03e12a7f63f05aea3821b9b8d12844ad	Kimni sog‘inayotganimni ham bilmayman.		0	0	twenties	male_masculine	Andijon		uz	
b64822fec64b85dde7289602d23c425efbd17ffcf68052d172504823b1a1b1c8af310eb6244345953c6a67f80cd4cb19f03f197cd7f86cd8dc089cb098164574	common_voice_uz_39925956.mp3	8e657d8bb2fabdbe4a5a65a31a089528751182e77736dacaf5d487c3aca39dc4	Qozog‘iston poyezdlarida endi ayollar uchun alohida vagonlar bo‘ladi		0	0	twenties	male_masculine	Andijon		uz	
f76855d437b53e47641cc986810ae80fa17f1e66c6574dda5bd60a4681c302d3e981564f663ed5fe43bf618b6eca61a4ddb7276b9215dc43108ffcbd6d13743b	common_voice_uz_39929212.mp3	905841af388cd0b824ab555d35df1c6f58f1e9ca90a88715baa42e30366303c6	har qancha zug‘um qilmang, u baribir tanlagan yo‘lidan qolmaydi.		0	0	twenties	male_masculine			uz	
f76855d437b53e47641cc986810ae80fa17f1e66c6574dda5bd60a4681c302d3e981564f663ed5fe43bf618b6eca61a4ddb7276b9215dc43108ffcbd6d13743b	common_voice_uz_39929213.mp3	91a364a7bd677257278a0865ec686644768c028559510ce3c6e7f145b26076ce	Shavkat Mirziyoyev: Nega gazni shartnomaga qo‘l qo‘yib sotib yuborish kerak?		0	0	twenties	male_masculine			uz	
f76855d437b53e47641cc986810ae80fa17f1e66c6574dda5bd60a4681c302d3e981564f663ed5fe43bf618b6eca61a4ddb7276b9215dc43108ffcbd6d13743b	common_voice_uz_39929214.mp3	8e2020442ea9115795e85487002c248c941f9d0d5cd6630290f81b96f574f726	• Bosh ko‘tarib odamdan so‘ragandan, bosh egib yerdan so‘ragan afzal.		0	0	twenties	male_masculine			uz	
f76855d437b53e47641cc986810ae80fa17f1e66c6574dda5bd60a4681c302d3e981564f663ed5fe43bf618b6eca61a4ddb7276b9215dc43108ffcbd6d13743b	common_voice_uz_39929215.mp3	8f33b57ba05ca6400aba83cfce357b6b977b62015a83eb8c82c3bb916995e4c3	O‘ng kelmish betini ochdi.		0	0	twenties	male_masculine			uz	
f76855d437b53e47641cc986810ae80fa17f1e66c6574dda5bd60a4681c302d3e981564f663ed5fe43bf618b6eca61a4ddb7276b9215dc43108ffcbd6d13743b	common_voice_uz_39929216.mp3	8fa2420f39cdcb45d90c3b9e3414f357ed9031fbc8e8933af26aae759c3be965	Ana shunda polvonlik qonim tag‘in qaynadi.		0	0	twenties	male_masculine			uz	
f76855d437b53e47641cc986810ae80fa17f1e66c6574dda5bd60a4681c302d3e981564f663ed5fe43bf618b6eca61a4ddb7276b9215dc43108ffcbd6d13743b	common_voice_uz_39929222.mp3	90cad2a4328cd4c0f1dbcf49db3979e0ceb0211d6cc3d5b9104aa1d8d5b087ea	Hozir esa bor!		0	0	twenties	male_masculine			uz	
f76855d437b53e47641cc986810ae80fa17f1e66c6574dda5bd60a4681c302d3e981564f663ed5fe43bf618b6eca61a4ddb7276b9215dc43108ffcbd6d13743b	common_voice_uz_39929223.mp3	8ca76f708f2b6ff3878ea6fae4b95b2ff30bde9cc506f3e848aa8259dbf86112	• Dehqonga qovun sotilmaydi.		0	0	twenties	male_masculine			uz	
f76855d437b53e47641cc986810ae80fa17f1e66c6574dda5bd60a4681c302d3e981564f663ed5fe43bf618b6eca61a4ddb7276b9215dc43108ffcbd6d13743b	common_voice_uz_39929224.mp3	914f5719d3b04e758886234a7ff30fe0fb772c57ad93d820b083119b6bb76d5d	Ketdik, haydang!		0	0	twenties	male_masculine			uz	
f76855d437b53e47641cc986810ae80fa17f1e66c6574dda5bd60a4681c302d3e981564f663ed5fe43bf618b6eca61a4ddb7276b9215dc43108ffcbd6d13743b	common_voice_uz_39929225.mp3	91d9b0d333024b1a1e3723e8e88bddd87b9550f949befb4fade233d64f10ea15	• Laqablar osmondan tushadi.		0	0	twenties	male_masculine			uz	
f76855d437b53e47641cc986810ae80fa17f1e66c6574dda5bd60a4681c302d3e981564f663ed5fe43bf618b6eca61a4ddb7276b9215dc43108ffcbd6d13743b	common_voice_uz_39929226.mp3	918a8ee71bddb73fafe4ed5aa617dd7ed10708be15bb762fec257d056a39024a	Ot oyog‘iga yem tushdi, degani nima degani?		0	0	twenties	male_masculine			uz	
0c18094457b594e7c3afd0f90802ae8b15b56477c8a4cc00da2a6aa08a39269cc51e563d2e32fdb4ea0373847114f5738587bf71e3eb004803601244b4606107	common_voice_uz_39937894.mp3	8f8c2d793b552368518be5e055164997dda067acf55430d96b7ca07e6caebef7	Odam odamni zo‘rg‘a tanidi.		0	0	twenties	male_masculine			uz	
0c18094457b594e7c3afd0f90802ae8b15b56477c8a4cc00da2a6aa08a39269cc51e563d2e32fdb4ea0373847114f5738587bf71e3eb004803601244b4606107	common_voice_uz_39937895.mp3	90c059122b0d10610ddc4bc55ad7bcee89e10210548123c0062f23df7711e33a	• Baxt vaqt bilmaydi.		0	0	twenties	male_masculine			uz	
0c18094457b594e7c3afd0f90802ae8b15b56477c8a4cc00da2a6aa08a39269cc51e563d2e32fdb4ea0373847114f5738587bf71e3eb004803601244b4606107	common_voice_uz_39937896.mp3	90a6776f5de7fe0d16e021baa78bea8227ee6a5eafc9c3afee9290a725936d24	— Ranjni osoyishtalik natijasi bil.		0	0	twenties	male_masculine			uz	
0c18094457b594e7c3afd0f90802ae8b15b56477c8a4cc00da2a6aa08a39269cc51e563d2e32fdb4ea0373847114f5738587bf71e3eb004803601244b4606107	common_voice_uz_39937897.mp3	84e51552351b0bcb4aefc4538a4bcdcc972d532381894ae0c2587d571ff28c7b	— Manavi yerimga urdi... — dedim.		0	0	twenties	male_masculine			uz	
0c18094457b594e7c3afd0f90802ae8b15b56477c8a4cc00da2a6aa08a39269cc51e563d2e32fdb4ea0373847114f5738587bf71e3eb004803601244b4606107	common_voice_uz_39937898.mp3	90c3637b94b63522c07dadc7735bbe281841282b240b070e9e59d57b634f8a14	Qurbon hayitida jamoat transportidan foydalanish tavsiya qilindi		0	0	twenties	male_masculine			uz	
9f5c8680130e296ff7e9da346d33e8f62e65e4bce2d5abf1ae1a73340ddb6f2f25db03c7851bf6e33148f850ca5ce205135a1b144c8e7357bf265da492488e65	common_voice_uz_39948153.mp3	8a8efcc0bdfd19650ec21aa81d3e1a6e529f2cd63c5fbe73a7d6913ac274d925	barcha gunohlarni uzoq-yaqin o‘tmishimizga ag‘darmoqda.		0	0					uz	
9f5c8680130e296ff7e9da346d33e8f62e65e4bce2d5abf1ae1a73340ddb6f2f25db03c7851bf6e33148f850ca5ce205135a1b144c8e7357bf265da492488e65	common_voice_uz_39948154.mp3	8de1a50e4d2870a7ee2baedf39273c21999a97875592dcc2e1fc95428e42ef0b	• Bosh omon bo‘lsa qalpoq topiladi.		0	0					uz	
9f5c8680130e296ff7e9da346d33e8f62e65e4bce2d5abf1ae1a73340ddb6f2f25db03c7851bf6e33148f850ca5ce205135a1b144c8e7357bf265da492488e65	common_voice_uz_39948155.mp3	84580111b9d53927eaf2798a64bed033cf158b06aa438b2867beb91492bca85a	— Bari ayol shunday deydi.		0	0					uz	
9f5c8680130e296ff7e9da346d33e8f62e65e4bce2d5abf1ae1a73340ddb6f2f25db03c7851bf6e33148f850ca5ce205135a1b144c8e7357bf265da492488e65	common_voice_uz_39948156.mp3	8efb5fa5bd307f53afeec84fea6402524e7ecc808037d49bb490611c90c6eefd	Daho ulug‘ shoirdan yorildi:		0	0					uz	
9f5c8680130e296ff7e9da346d33e8f62e65e4bce2d5abf1ae1a73340ddb6f2f25db03c7851bf6e33148f850ca5ce205135a1b144c8e7357bf265da492488e65	common_voice_uz_39948157.mp3	8b96f17568d572f10d9ae0a517bf6fc0562870d4aa735de08a7326afec21517c	Kecha O‘zbekistonda koronavirus statistikasi qanday o‘zgardi?		0	0					uz	
8c99223af49a1defbd88f91943227ac062fe12e793846180fabf18f65651a6516587c29f885fda96cbb2df3ca5dc61b1a5c53b4ac9692d5308dfc8145da43449	common_voice_uz_39955911.mp3	910a6a4c9c4f8be78546b2dc865a7a168babe0ef42d96cc1ab7eae7f5c5db3d8	Janubiy Koreyaning o‘limga hukm qilingan sobiq Prezidenti vafot etdi		0	0					uz	
8c99223af49a1defbd88f91943227ac062fe12e793846180fabf18f65651a6516587c29f885fda96cbb2df3ca5dc61b1a5c53b4ac9692d5308dfc8145da43449	common_voice_uz_39955912.mp3	8d94fef6b352fd203099dc1ffb0faaabd064b68c2ec403d1dcad4ec964efda2c	Qurilma miyaning ayrim hududlari faolligini kuzatadi.		0	0					uz	
8c99223af49a1defbd88f91943227ac062fe12e793846180fabf18f65651a6516587c29f885fda96cbb2df3ca5dc61b1a5c53b4ac9692d5308dfc8145da43449	common_voice_uz_39955913.mp3	8df0cdb5d496808130a137adda9d7bb4e1b2bc0515a5cd08c9452d79596943d0	— Umringni sahroda o‘tkazma.		0	0					uz	
8c99223af49a1defbd88f91943227ac062fe12e793846180fabf18f65651a6516587c29f885fda96cbb2df3ca5dc61b1a5c53b4ac9692d5308dfc8145da43449	common_voice_uz_39955914.mp3	91e42e8301d66c7fbd632a2c29ebe496e60de010f437a9801201e5a8c3604d8a	Onam bir nuqtadan ko‘z uzmay yotadi.		0	0					uz	
8c99223af49a1defbd88f91943227ac062fe12e793846180fabf18f65651a6516587c29f885fda96cbb2df3ca5dc61b1a5c53b4ac9692d5308dfc8145da43449	common_voice_uz_39955915.mp3	8f1f60cfcc4657bf36392794e39a96668bdde417f0a3e00f670f88d1a5a3af46	Lavozimidan olinishi kutilayotgan Hidoyatov ekoboshqarmani mashina bilan siyladi		0	0					uz	
8c99223af49a1defbd88f91943227ac062fe12e793846180fabf18f65651a6516587c29f885fda96cbb2df3ca5dc61b1a5c53b4ac9692d5308dfc8145da43449	common_voice_uz_39955916.mp3	9042b888fdc37c4b035856533fc49a7ea56ee38abe004c2a868fa3c6d01dca22	O‘zbekiston Prezidenti Ozarbayjon Bosh vazirining o‘rinbosarini qabul qildi		0	0					uz	
8c99223af49a1defbd88f91943227ac062fe12e793846180fabf18f65651a6516587c29f885fda96cbb2df3ca5dc61b1a5c53b4ac9692d5308dfc8145da43449	common_voice_uz_39955917.mp3	91a2f7f02d3f0f935074aa1cfa532eb1de1911762f5cc6de5a1b856e9347679d	Prezident qarori besh yildan beri Toshkent shahrida ijro etilmayapti		0	0					uz	
8c99223af49a1defbd88f91943227ac062fe12e793846180fabf18f65651a6516587c29f885fda96cbb2df3ca5dc61b1a5c53b4ac9692d5308dfc8145da43449	common_voice_uz_39955918.mp3	8fc71b89285b78fa0a60ae08396750dd14e27a5f84d338eeed4e6168a8c28e38	Mayli, sazasi o‘lmasin deb sartaroshning sovg‘asini oldim.		0	0					uz	
8c99223af49a1defbd88f91943227ac062fe12e793846180fabf18f65651a6516587c29f885fda96cbb2df3ca5dc61b1a5c53b4ac9692d5308dfc8145da43449	common_voice_uz_39955919.mp3	8c5a16278ca16ade12ee1ef259992aafce632c5bc7fdba976a1234c412ae557c	Ko‘p qavatli uyning yerto‘lasidan foydalanish tartibi belgilandi		0	0					uz	
8c99223af49a1defbd88f91943227ac062fe12e793846180fabf18f65651a6516587c29f885fda96cbb2df3ca5dc61b1a5c53b4ac9692d5308dfc8145da43449	common_voice_uz_39955920.mp3	8cebec926e06d3b8d92d86a31b31d2a17a5a51c99971bb0cb16a35d443db6b15	• Tuyaga aylansang ― minadilar, arava bo‘lsang ― yuklaydilar.		0	0					uz	
1d423c492c7be98c354fefd0d471c72a4205b3d4f4494d4715df72a6d82d08976673a5ef4a939c04d11be6b8d6f1fb98e863dd5054421adaf079131741bdd5f1	common_voice_uz_39964020.mp3	90f7884ac09ef5bd3b25ab0b43cf8b7e6ee5990cc3ea6c75f7d9109988595fa5	Bosh prokuror o‘lim jazosiga moratoriy kiritdi		0	0					uz	
1d423c492c7be98c354fefd0d471c72a4205b3d4f4494d4715df72a6d82d08976673a5ef4a939c04d11be6b8d6f1fb98e863dd5054421adaf079131741bdd5f1	common_voice_uz_39964021.mp3	8cd822d4d4ee2b422aef9fdd741b4cb9f7c1d31eb0d4a76f958eaaf5a91ab1a7	Oramizda "afg‘on" bo‘zbolalar bor!		0	0					uz	
1d423c492c7be98c354fefd0d471c72a4205b3d4f4494d4715df72a6d82d08976673a5ef4a939c04d11be6b8d6f1fb98e863dd5054421adaf079131741bdd5f1	common_voice_uz_39964022.mp3	8f912157fca181c6cedc86752553ed03f6a34146b31d0712f8db24c7fed540b7	• Yaxshi farzand ota uyini quradi.		0	0					uz	
1d423c492c7be98c354fefd0d471c72a4205b3d4f4494d4715df72a6d82d08976673a5ef4a939c04d11be6b8d6f1fb98e863dd5054421adaf079131741bdd5f1	common_voice_uz_39964023.mp3	8fa035806cc25b04c4266e2f4224cb5e1ddf690557ad3d21c29189ec07d7d8a3	• Katta kemani yasagan usta kosibning qanday qilib oyoq kiyim tikishiga lol qolar ekan.		0	0					uz	
1d423c492c7be98c354fefd0d471c72a4205b3d4f4494d4715df72a6d82d08976673a5ef4a939c04d11be6b8d6f1fb98e863dd5054421adaf079131741bdd5f1	common_voice_uz_39964024.mp3	87f1939071df8cdc9bf6868677bc91adf359024b00d56a3f78426be2a3b922e8	Denovda o‘qituvchi o‘z qo‘shnisini do‘pposladi		0	0					uz	
eefc7430170f9c18162182d938590c4224d1f02e269b6aa86d61975b0f6269fc8aed742ef8c3821ca1eb28c274724094cda4c5135e9a668139162ec6e9a0d76f	common_voice_uz_39993560.mp3	910a8875da636edd1cfad01dc1a235b1eb6b1097ba723083c5f2270a72898ebe	Qobuldagi prezident saroyida Qurbon hayiti kuni ham portlash ovozlari eshitildi		0	0	twenties	male_masculine	literary		uz	
eefc7430170f9c18162182d938590c4224d1f02e269b6aa86d61975b0f6269fc8aed742ef8c3821ca1eb28c274724094cda4c5135e9a668139162ec6e9a0d76f	common_voice_uz_39993563.mp3	8fd51833ec6db91d54a7a2a0e8fa377fbc04f2c23d3bcac482560c1db1d44e00	— Ha, tirikchilik.		0	0	twenties	male_masculine	literary		uz	
eefc7430170f9c18162182d938590c4224d1f02e269b6aa86d61975b0f6269fc8aed742ef8c3821ca1eb28c274724094cda4c5135e9a668139162ec6e9a0d76f	common_voice_uz_39993565.mp3	919ad24cb9374674831aba6db028fb2d183d9c7a613186ef2eb5eb7fce9bccfd	Atlas lozim kiygan qo‘shni kelinchak.		0	0	twenties	male_masculine	literary		uz	
eefc7430170f9c18162182d938590c4224d1f02e269b6aa86d61975b0f6269fc8aed742ef8c3821ca1eb28c274724094cda4c5135e9a668139162ec6e9a0d76f	common_voice_uz_39993566.mp3	90c56d8754f3dc0c0269ce4c01b713f892dfa0cca9fd21e010a0995cc4ff9306	— Men ikki marta boshimni mashina qirrasiga urib oldim.		0	0	twenties	male_masculine	literary		uz	
eefc7430170f9c18162182d938590c4224d1f02e269b6aa86d61975b0f6269fc8aed742ef8c3821ca1eb28c274724094cda4c5135e9a668139162ec6e9a0d76f	common_voice_uz_39993567.mp3	8deffd5ee4f7ffead3d1cb1d9f096f480c3a1d51ccafe822c707d7320bafe9c3	Xitoy Afg‘onistonda Tolibon hokimiyati o‘rnatilgandan keyin yordam bermoqchi		0	0	twenties	male_masculine	literary		uz	
e04faf5b204396a486f01c4e79e54bf7dcb1de60ce7355104b493cb54d8a8b7e2c7446ab6f4ed61ab503e40b76801a943ab264f46795115398209455e6204a11	common_voice_uz_40006179.mp3	9046900fbcbb2c8725f2d620ac1d51ea6bad7d75081fa25f4f00e02fb472e322	Mashinani ichib haydaydiganlar bor.		0	0			Yaxshi,Tez		uz	
e04faf5b204396a486f01c4e79e54bf7dcb1de60ce7355104b493cb54d8a8b7e2c7446ab6f4ed61ab503e40b76801a943ab264f46795115398209455e6204a11	common_voice_uz_40006180.mp3	0005afec00d6aadbb2ce8c718468c9b4797d3d4a331641140bc904692a310848	Togʼning bir chekkasidan bir chiroyli kiyik chiqib qolibdi		0	0			Yaxshi,Tez		uz	
e04faf5b204396a486f01c4e79e54bf7dcb1de60ce7355104b493cb54d8a8b7e2c7446ab6f4ed61ab503e40b76801a943ab264f46795115398209455e6204a11	common_voice_uz_40006181.mp3	8fdcb040f3a12fb7eaefded54813d4b7e995bcc07018e2d581ead6f51e317667	Harakat hayotdir, harakatning kamayishi hayotiy jarayonlarni susaytiradi.		0	0			Yaxshi,Tez		uz	
e04faf5b204396a486f01c4e79e54bf7dcb1de60ce7355104b493cb54d8a8b7e2c7446ab6f4ed61ab503e40b76801a943ab264f46795115398209455e6204a11	common_voice_uz_40006182.mp3	8ea966c95222e5426a684bb5b43191c8b04d33adc6b531e9b549c021f5be6217	• Turgan suv sasiy boshlaydi.		0	0			Yaxshi,Tez		uz	
e04faf5b204396a486f01c4e79e54bf7dcb1de60ce7355104b493cb54d8a8b7e2c7446ab6f4ed61ab503e40b76801a943ab264f46795115398209455e6204a11	common_voice_uz_40006183.mp3	91100385a42e9c9fe137283f9376edde31eb362142f14f1c6d01746d8a0219c0	Ayollarning yarmi asosiy huquqlaridan mahrumligicha qolar ekan		0	0			Yaxshi,Tez		uz	
67da1e14599a8c0e3f2b75a3f789d001279e2bd28d6eafd87dbf10699ae8609a15e3cc37fcf5bab3a712204af2d60642d955cb59ec801d467fcd8b1b7fe0fc79	common_voice_uz_40058887.mp3	91393402dd4531e670c73a239af9f1455a368673c8d7f4a304c2ae95ee034071	• Ilon chaqishi qilich zarbasidan ham qo‘rqinchli.		0	0					uz	
67da1e14599a8c0e3f2b75a3f789d001279e2bd28d6eafd87dbf10699ae8609a15e3cc37fcf5bab3a712204af2d60642d955cb59ec801d467fcd8b1b7fe0fc79	common_voice_uz_40058888.mp3	90b5ba565f353bf0a7feebfc1765a074c8529477ed43ccfc67fc48904017b944	Kuchli ta’sir qiluvchi dori vositalarining noqonuniy muomalasiga chek qo‘yildi		0	0					uz	
67da1e14599a8c0e3f2b75a3f789d001279e2bd28d6eafd87dbf10699ae8609a15e3cc37fcf5bab3a712204af2d60642d955cb59ec801d467fcd8b1b7fe0fc79	common_voice_uz_40058889.mp3	8e8cbf145da06caae0eaecf4feed51013cba5ad6e90fbf80f9ea93cae6c2d2af	— Bo‘la qol, o‘g‘lim, hali-zamon kun yoyilib ketadi.		0	0					uz	
67da1e14599a8c0e3f2b75a3f789d001279e2bd28d6eafd87dbf10699ae8609a15e3cc37fcf5bab3a712204af2d60642d955cb59ec801d467fcd8b1b7fe0fc79	common_voice_uz_40058890.mp3	8ffe00c34ddecbf363019e972e2a05015859df31de67061c33f58bc1aa20c6ca	Ustoz Mubashshir Ahmad diniy ta’lim bo‘yicha muftiyga murojaat qildi		0	0					uz	
67da1e14599a8c0e3f2b75a3f789d001279e2bd28d6eafd87dbf10699ae8609a15e3cc37fcf5bab3a712204af2d60642d955cb59ec801d467fcd8b1b7fe0fc79	common_voice_uz_40058891.mp3	91b9ce0a09c9fab5cd5e6f4dd856188551112d26ad3b35bc162562e951c43603	Men gapiga umuman tushunmadim.		0	0					uz	
f809929577d92e11dbc864c068bd59f73d7a93a61d9a56b82cd52ae396e49ee3156674c2f22fcfc9027513802298bf53add09605a1f7289bddadda89515fd2e1	common_voice_uz_40063412.mp3	000593eacfa33bdc69362249c7ee10121179fe6af84a665f625e079784b800f5	Bir kun ochilasan,		0	0					uz	
8f8a3af5dae8ef7eb392fb78d2e47fc7d14a79fb0c73e9384e59a83f462129b0d49fc4f85be5be10eb36584537df73a0d452a917fdd2062c4451eaadc1bbd826	common_voice_uz_40083687.mp3	8ff98269d2e909547aa5806bc3861bd8ac53d505b5e2c1696d6af90ec4b0f36d	— Urdi deyapti-ku.		0	0	twenties	male_masculine			uz	
8f8a3af5dae8ef7eb392fb78d2e47fc7d14a79fb0c73e9384e59a83f462129b0d49fc4f85be5be10eb36584537df73a0d452a917fdd2062c4451eaadc1bbd826	common_voice_uz_40083688.mp3	909e09391b4a86b83f901567bfb87bc9ad020ab856f0603333478f40e79a7e1a	— Kim bilan tushasan?		0	0	twenties	male_masculine			uz	
8f8a3af5dae8ef7eb392fb78d2e47fc7d14a79fb0c73e9384e59a83f462129b0d49fc4f85be5be10eb36584537df73a0d452a917fdd2062c4451eaadc1bbd826	common_voice_uz_40083689.mp3	917fc83187cb2add3476cd50be69e81c7e8b4144d9d37b57f70fe992b1ee194e	kulibgina turibdi rahmatli.		0	0	twenties	male_masculine			uz	
8f8a3af5dae8ef7eb392fb78d2e47fc7d14a79fb0c73e9384e59a83f462129b0d49fc4f85be5be10eb36584537df73a0d452a917fdd2062c4451eaadc1bbd826	common_voice_uz_40083690.mp3	90d60fe6dbf583bdba7dd502f7d0f229ce482820a68e9cbe13eea2b5dfb5a4a9	Bu marosimga kelin tomon behisob tog‘oralar karvonini jo‘natadi.		0	0	twenties	male_masculine			uz	
8f8a3af5dae8ef7eb392fb78d2e47fc7d14a79fb0c73e9384e59a83f462129b0d49fc4f85be5be10eb36584537df73a0d452a917fdd2062c4451eaadc1bbd826	common_voice_uz_40083691.mp3	911355c536d64ecd4b6c18f7413ff1c709b2732d020f9dea5dea5bdbc83c3c6c	Bizning qaynisinglimizdan boshqasi bo‘lmaydimi? — dedim.		0	0	twenties	male_masculine			uz	
3d5838cb66db96bc352939ab86b647ad2af088cf6923d2f9b5fcdd8157b3138028c478c8b4a97cce3ccb98c14f11c9964018f49776d6b9ba64b7580a03d74d69	common_voice_uz_40088389.mp3	8f85adeb67783307cd32fba631a3ea997ad9e63efce82c2dc1229d37d0d3de4a	Muborak bo‘lsin!		0	0					uz	
3d5838cb66db96bc352939ab86b647ad2af088cf6923d2f9b5fcdd8157b3138028c478c8b4a97cce3ccb98c14f11c9964018f49776d6b9ba64b7580a03d74d69	common_voice_uz_40088390.mp3	9050239899d91bb42156cb8ce6fdd7a95b51bcded690a991ca538bbd991c2726	Bemor va uning qarindoshlari bemorni Toshkent shahriga olib borish imkoniyatini yaratib berilishini iltimos qilishgan.		0	0					uz	
2138f11e370f4c11270e8e466a01f0551e9d17b563a13545c8fa286cc6c66ec35bc35c3266854301057eaa4f3a7915d202a266478a7195cf4034254518af0d6f	common_voice_uz_40105099.mp3	919b68da5d9dfffd49bf73e40e3c03e0252b9ba017a6ba4f259cf477d8619396	• “Farzand muborak!” dedi tulki tovuqqa. “Rahmat! ― dedi u ― faqat, xudo haqi, mendan uzoqda yur”.		0	0					uz	
0fbcc12957fb20838249078197eed33c9dccda26913a46bb27413fe8570154a1ad6ab63e7922a26c46c6bc3a538fb224c7de545583fc0cc191f9c7ad82c2a6cc	common_voice_uz_40134973.mp3	8ca986e4bec35af38cbe2285f8bc0f31e8143cbc752a442e85ba32dc8f7a830a	Faqat Shavkat Qudratovichning fe’li g'alati.		0	0	twenties	male_masculine			uz	
0fbcc12957fb20838249078197eed33c9dccda26913a46bb27413fe8570154a1ad6ab63e7922a26c46c6bc3a538fb224c7de545583fc0cc191f9c7ad82c2a6cc	common_voice_uz_40134975.mp3	91df0dc73d2fb793ee348b3b337b579bc224528b091ce10018c6a18b619964d3	Dunyoda har ishning o‘z hisob-kitobi bor.		0	0	twenties	male_masculine			uz	
0fbcc12957fb20838249078197eed33c9dccda26913a46bb27413fe8570154a1ad6ab63e7922a26c46c6bc3a538fb224c7de545583fc0cc191f9c7ad82c2a6cc	common_voice_uz_40134977.mp3	8ea7691efefeae7dce69c60222de27f7f44af6a32e6c79ae7dd4d1c9dd381822	Daho yillab tentirab yurdi.		0	0	twenties	male_masculine			uz	
0fbcc12957fb20838249078197eed33c9dccda26913a46bb27413fe8570154a1ad6ab63e7922a26c46c6bc3a538fb224c7de545583fc0cc191f9c7ad82c2a6cc	common_voice_uz_40134978.mp3	8c12599d3d3c076260cee1c5618f13a9e19787cb64cb530b12e2b42eccc063ae	«Dunyo ko‘zimga qirmiz-qirmiz bo‘lib ko‘rinayapti».		0	0	twenties	male_masculine			uz	
0fbcc12957fb20838249078197eed33c9dccda26913a46bb27413fe8570154a1ad6ab63e7922a26c46c6bc3a538fb224c7de545583fc0cc191f9c7ad82c2a6cc	common_voice_uz_40134979.mp3	919b5146ea24dea40c0cd54165df72f336696f2ffafaa0ba0d9bc9545f0d7888	— Bu yer boshqa birovning uchastkasi!		0	0	twenties	male_masculine			uz	
0fbcc12957fb20838249078197eed33c9dccda26913a46bb27413fe8570154a1ad6ab63e7922a26c46c6bc3a538fb224c7de545583fc0cc191f9c7ad82c2a6cc	common_voice_uz_40134995.mp3	8de7fc72b6f491a32f0d563014d4a016ac86ac44a86bd7dbcef8e4122b9d13f9	Navoiyda chiroyli qizlar odam soniga protsent hisobida ancha koʻp.		0	0	twenties	male_masculine			uz	
0fbcc12957fb20838249078197eed33c9dccda26913a46bb27413fe8570154a1ad6ab63e7922a26c46c6bc3a538fb224c7de545583fc0cc191f9c7ad82c2a6cc	common_voice_uz_40134996.mp3	908dfcfa5bf2d971e4b8b8dc9034aec0e0513505a8b79f0c948f73a1814a8caf	Lukashenkoning salomatligi yomonlashgani rostmi?		0	0	twenties	male_masculine			uz	
0fbcc12957fb20838249078197eed33c9dccda26913a46bb27413fe8570154a1ad6ab63e7922a26c46c6bc3a538fb224c7de545583fc0cc191f9c7ad82c2a6cc	common_voice_uz_40134997.mp3	8f966e04b753467ef440bdb438e92788d9f91f5e3695bc49a445f65e38186501	— To‘rko‘ylagimga ilijnib qolgan ekan-ku! Yo‘qot, ko‘zimdan yo‘qot!		0	0	twenties	male_masculine			uz	
0fbcc12957fb20838249078197eed33c9dccda26913a46bb27413fe8570154a1ad6ab63e7922a26c46c6bc3a538fb224c7de545583fc0cc191f9c7ad82c2a6cc	common_voice_uz_40134998.mp3	91106ec4e19676b0502afef9fdea92d24e0a12bcf2df3c76de7b671ae45652b4	Ayniqsa, daraxtkesarlarga yaxshi namuna bo'la oladi!		0	0	twenties	male_masculine			uz	
0fbcc12957fb20838249078197eed33c9dccda26913a46bb27413fe8570154a1ad6ab63e7922a26c46c6bc3a538fb224c7de545583fc0cc191f9c7ad82c2a6cc	common_voice_uz_40134999.mp3	909e3f568b776a7bca60fe565eed5b3138a5c19d8eb041f3b9c900e267df44db	— Quruq? Yo‘q, quruq emas.		0	0	twenties	male_masculine			uz	
0fbcc12957fb20838249078197eed33c9dccda26913a46bb27413fe8570154a1ad6ab63e7922a26c46c6bc3a538fb224c7de545583fc0cc191f9c7ad82c2a6cc	common_voice_uz_40135000.mp3	8eb4836da914f0f74dab3817658aca9693f416ee627a267ecd31fc0206453121	Ot qor-yomg‘irni, dovulni oldindan biladi.		0	0	twenties	male_masculine			uz	
0fbcc12957fb20838249078197eed33c9dccda26913a46bb27413fe8570154a1ad6ab63e7922a26c46c6bc3a538fb224c7de545583fc0cc191f9c7ad82c2a6cc	common_voice_uz_40135001.mp3	907be9dfa99580c1b20032e416d432bc3d0875844180abce71e5b9ccd67dae0b	Boshi qovushgan el nega kam bo‘lsin?!		0	0	twenties	male_masculine			uz	
0fbcc12957fb20838249078197eed33c9dccda26913a46bb27413fe8570154a1ad6ab63e7922a26c46c6bc3a538fb224c7de545583fc0cc191f9c7ad82c2a6cc	common_voice_uz_40135002.mp3	905dbf70ea45dfd863edcaeff084705a6ade904e88738080d1c0fac795028150	O‘ziniki-da, ming qilsa-da o‘ziniki-da — opasini qizi-da!		0	0	twenties	male_masculine			uz	
0fbcc12957fb20838249078197eed33c9dccda26913a46bb27413fe8570154a1ad6ab63e7922a26c46c6bc3a538fb224c7de545583fc0cc191f9c7ad82c2a6cc	common_voice_uz_40135003.mp3	8c8da909d7650e9f6af0b4a3723bea1861dcae367c60d5b1047a20217e7df78c	• Yaxshi odam o‘lmaydi.		0	0	twenties	male_masculine			uz	
0fbcc12957fb20838249078197eed33c9dccda26913a46bb27413fe8570154a1ad6ab63e7922a26c46c6bc3a538fb224c7de545583fc0cc191f9c7ad82c2a6cc	common_voice_uz_40135004.mp3	8e242652b4bf68eea2be70e33281027b4eeb720a7175e5ae75a1db2f032c0bde	• Tez turgiziladigan joyga o‘tirma.		0	0	twenties	male_masculine			uz	
e740d36e0e53a221c8100a989830e75a0d072baef720a01d5431c033d8721d0214f3ba24c03c6d4d9fe6eb592a8080a6d2dc596ef6521da977378f5808532d3d	common_voice_uz_40154444.mp3	90180b751187e60202c6bbdcf83ca30a252c2857ec1b1cfccf75548984aabe3e	• Eng uzun kunning ham oxiri bor.		0	0					uz	
e740d36e0e53a221c8100a989830e75a0d072baef720a01d5431c033d8721d0214f3ba24c03c6d4d9fe6eb592a8080a6d2dc596ef6521da977378f5808532d3d	common_voice_uz_40154445.mp3	90445bf2c44ddf652320d68fa5a6d31fc71f7068a3272c0f6c6bd775f7c4e0d2	• Tezda bitgan ish yaxshi bo‘lmaydi.		0	0					uz	
e740d36e0e53a221c8100a989830e75a0d072baef720a01d5431c033d8721d0214f3ba24c03c6d4d9fe6eb592a8080a6d2dc596ef6521da977378f5808532d3d	common_voice_uz_40154446.mp3	908a301c992b5b9ab8f5949c29441232b5e1b60b27f39bf3692bf260ccc33295	ko‘ngli yorishdi. Ko‘kargan joyining og‘rig‘i qolganday bo‘ldi.		0	0					uz	
e740d36e0e53a221c8100a989830e75a0d072baef720a01d5431c033d8721d0214f3ba24c03c6d4d9fe6eb592a8080a6d2dc596ef6521da977378f5808532d3d	common_voice_uz_40154447.mp3	90d927967b455003c924b612494b5ec1e2f2ccef9283c5d99c6bd0ea46b17947	uzoqda yashayman dunyodan…		0	0					uz	
e740d36e0e53a221c8100a989830e75a0d072baef720a01d5431c033d8721d0214f3ba24c03c6d4d9fe6eb592a8080a6d2dc596ef6521da977378f5808532d3d	common_voice_uz_40154448.mp3	8e871a19ffd7fa32955970b3ccd25e4e486d54b5d9b0cc932b8033a19eee1708	Bir kuni kechgacha oziq-ovqat qidirib yurdi.		0	0					uz	
3f4c32ac76e86ea3936bcd0fb2a6517310ce66aa2f5144612c30477284aa6f82b5bd0260feaa96279e7254a56d26f76261de2fbba43834a56c0dab6d413a3aad	common_voice_uz_40172565.mp3	91601a59d80e8ad71bf38118b062fbe0c97ba316b54f5da6f91f2fedebcc443d	• O‘limdan doim qo‘rqib yuradigan tiriklar orasida o‘likdir.		0	0					uz	
c39b07fa2ce417b8cdd580c917aaa3eacf9e78e23059d5cb42a8250dc86353bc10052f66ff75709765c6b5c393f52819f29a76e25f31940ffd413cb17020ac10	common_voice_uz_40177090.mp3	8a3117502b7e31c8654c91317be06d61d70cb9c359d2989dfbb7fb0de9a53aaf	Foto: Buyurtmachilarning internetdan qilgan omadsiz xaridlari		0	0	teens	male_masculine			uz	
c39b07fa2ce417b8cdd580c917aaa3eacf9e78e23059d5cb42a8250dc86353bc10052f66ff75709765c6b5c393f52819f29a76e25f31940ffd413cb17020ac10	common_voice_uz_40177091.mp3	8ed7e68fd9d91c9869617db0b4495e647b9904e93f9b37d6e22a6b41e4ac58b3	Shavkat Mirziyoyevning yangi maslahatchisi haqida nimalarni bilamiz?		0	0	teens	male_masculine			uz	
c39b07fa2ce417b8cdd580c917aaa3eacf9e78e23059d5cb42a8250dc86353bc10052f66ff75709765c6b5c393f52819f29a76e25f31940ffd413cb17020ac10	common_voice_uz_40177092.mp3	89b6b9231dd0d6d9b8a7f652132850d5153bd9d1d03b41a0ae6a915ce12b1383	Shu bugʻdoylardan non yeyish kimga nasib qiladi kimlarga esa yoʻq...		0	0	teens	male_masculine			uz	
c39b07fa2ce417b8cdd580c917aaa3eacf9e78e23059d5cb42a8250dc86353bc10052f66ff75709765c6b5c393f52819f29a76e25f31940ffd413cb17020ac10	common_voice_uz_40177093.mp3	8ff23eca4bf0f14360b566b6fbd3eee8c9dcf06513f4961903e26fb64723177d	momaqaldiroq soluvchi dahshatli qora bulutlarga aylanadi.		0	0	teens	male_masculine			uz	
c39b07fa2ce417b8cdd580c917aaa3eacf9e78e23059d5cb42a8250dc86353bc10052f66ff75709765c6b5c393f52819f29a76e25f31940ffd413cb17020ac10	common_voice_uz_40177094.mp3	9177ac4b8653637b8ed8bbd2e4cfca60e074813d7b4aa75ba1e7981810025b9d	Daho otasi qo‘liga ariza yozib berdi.		0	0	teens	male_masculine			uz	
